PDB ID,Chain ID,Entry ID,Database / Accesssion Code,Sequence,Chain Length,Entity Macromolecule Type,Molecular Weight
6P4U,A,1,UniProt A0A0B5GUD2,SNAPLSFAQQRLWFIAQMSREASGAYHVPGGLRLRGELDEVALRAALDRIMARHEVLRTRFEWHEGEPVQCIDAEARFPLVRQELEGEAAELAHWQQVEARSPFDLGTGPLIRGRLLKLGAQEHVLLLTMHHIVSDGWSMSVLAHELGTLYRAYAQEGTAPEVDPLPALPLQYADYALWQRRWLDGERQQRQLAYWQQQLAGAPALVSLPTDRPRPALQDYRGDSIELTFDAGLSQGLRALSQRHGTTLYMTVLAAWAALVARLAGQPEVVIGTPVANRQRAELEGLIGFFVNTLALRVDLGGEPSVAGLLAQVRERVLAAQSHQDLPFEQVVEALKPERSLSHSPVFQLMLSWESSPPHALQMSPLRARPLAPVRERSAQFDLSLHLHEAADGTVAGSLTYASALYERETVQRHAGYLKALLAGMVADDTQPVQRIGILGEAERHRLLVEWNDTAREHPRTVCVHELFEQQVERSPDAVALVYEGQQLSYRELDRQANRLARQLKALGVGPDERVAVCTERCLEMVVALLAVLKAGGAYVPLDPGYPAERLEYMLADSAPKVLLRQSGQTLEPGAGVAVLALDGEASQPWQAQPAQRLSRDDSGVQPHHLAYVIYTSGSTGRPKGVMVEHAGVVNRLLWMQRAYGLQPQEAVLQKTPFGFDVSVWEFFWPLAVGARLVMARPQGQQDPAYLVETIVGQDIGTLHFVPSMLQAFVDSEGVQRCRGVRRIVCSGEALPGALARRLRQQLPQVELHNLYGPTEATVDVTAWACDAAELPDNIPIGRPVDNTTMYVLDAHGQPVPTGVAGEIHIGGVQVARGYLGRPELTRERFVPDPYAGRPGARLYKTGDLGRWLLDGTLEYLGRNDHQVKIRG,873,polypeptide(L),96.57
5X8F,"A, B, C, D",1,UniProt P23971,LTEQPNWLMQRAQLTPERIALIYEDQTVTFAELFAASKRMAEQLAAHSVRKGDTAAILLQNRAEMVYAVHACFLLGVKAVLLNTKLSTHERLFQLEDSGSGFLLTDSSFEKKEYEHIVQTIDVDELMKEAAEEIEIEAYMQMDATATLMYTSGTTGKPKGVQQTFGNHYFSAVSSALNLGITEQDRWLIALPLFHISGLSALFKSVIYGMTVVLHQRFSVSDVLHSINRHEVTMISAVQTMLASLLEETNRCPESIRCILLGGGPAPLPLLEECREKGFPVFQSYGMTETCSQIVTLSPEFSMEKLGSAGKPLFSCEIKIERDGQVCEPYEHGEIMVKGPNVMKSYFNRESANEASFQNGWLKTGDLGYLDNEGFLYVLDRRSDLIISGGENIYPAEVESVLLSHPAVAEAGVSGAEDKKWGKVPHAYLVLHKPVSAGELTDYCKERLAKYKRPKKFFVLDRLPRNASNKLLRNQLKDARKGELL,485,polypeptide(L),54.22
6H1B,"A, B, C, D, E",1,UniProt R4R1U5,QGPAMGYARRVMDGIGEVAVTGAGGSVTGARLRHQVRLLAHALTEAGIPPGRGVACLHANTWRAIALRLAVQAIGCHYVGLRPTAAVTEQARAIAAADSAALVFEPSVEARAADLLERVSVPVVLSLGPTSRGRDILAASVPEGTPLRYREHPEGIAVVAFTSGTTGTPKGVAHSSTAMSACVDAAVSMYGRGPWRFLIPIPLSDLGGELAQCTLATGGTVVLLEEFQPDAVLEAIERERATHVFLAPNWLYQLAEHPALPRSDLSSLRRVVYGGAPAVPSRVAAARERMGAVLMQNYGTQEAAFIAALTPDDHARRELLTAVGRPLPHVEVEIRDDSGGTLPRGAVGEVWVRSPMTMSGYWRDPERTAQVLSGGWLRTGDVGTFDEDGHLHLTDRLQDIIIVEAYNVYSRRVEHVLTEHPDVRAAAVVGVPDPDSGEAVCAAVVVADGADPDPEHLRALVRDHLGDLHVPRRVEFVRSIPVTPAGAPDKVKVRTWFTD,499,polypeptide(L),53.22
6P3I,A,1,UniProt A0A0B5GUD2,SNAPLSFAQQRLWFIAQMSREASGAYHVPGGLRLRGELDEVALRAALDRIMARHEVLRTRFEWHEGEPVQCIDAEARFPLVRQELEGEAAELAHWQQVEARSPFDLGTGPLIRGRLLKLGAQEHVLLLTMHHIVSDGWSMSVLAHELGTLYRAYAQEGTAPEVDPLPALPLQYADYALWQRRWLDGERQQRQLAYWQQQLAGAPALVSLPTDRPRPALQDYRGDSIELTFDAGLSQGLRALSQRHGTTLYMTVLAAWAALVARLAGQPEVVIGTPVANRQRAELEGLIGFFVNTLALRVDLGGEPSVAGLLAQVRERVLAAQSHQDLPFEQVVEALKPERSLSHSPVFQLMLSWESSPPHALQMSPLRARPLAPVRERSAQFDLSLHLHEAADGTVAGSLTYASALYERETVQRHAGYLKALLAGMVADDTQPVQRIGILGEAERHRLLVEWNDTAREHPRTVCVHELFEQQVERSPDAVALVYEGQQLSYRELDRQANRLARQLKALGVGPDERVAVCTERCLEMVVALLAVLKAGGAYVPLDPGYPAERLEYMLADSAPKVLLRQSGQTLEPGAGVAVLALDGEASQPWQAQPAQRLSRDDSGVQPHHLAYVIYTSGSTGRPKGVMVEHAGVVNRLLWMQRAYGLQPQEAVLQKTPFGFDVSVWEFFWPLAVGARLVMARPQGQQDPAYLVETIVGQDIGTLHFVPSMLQAFVDSEGVQRCRGVRRIVCSGEALPGALARRLRQQLPQVELHNLYGPTEATVDVTAWACDAAELPDNIPIGRPVDNTTMYVLDAHGQPVPTGVAGEIHIGGVQVARGYLGRPELTRERFVPDPYAGRPGARLYKTGDLGRWLLDGTLEYLGRNDHQVKIRG,873,polypeptide(L),97.27
6MFY,A,1,UniProt Q70LM7,GAMGRILFLTTFMSKGNKVVRYLESLHHEVVICQEKVHAQSANLQEIDWIVSYAYGYILDKEIVSRFRGRIINLHPSLLPWNKGRDPVFWSVWDETPKGVTIHLIDEHVDTGDILVQEEIAFADEDTLLDCYNKANQAIEELFIREWENIVHGRIAPYRQTAGGTLHFKADRDFYKNLNMTTVRELLALKRLCAEPKRGEKPIDKTFHQLFEQQVEMTPDHVAVVDRGQSLTYKQLNERANQLAHHLRGKGVKPDDQVAIMLDKSLDMIVSILAVMKAGGAYVPIDPDYPGERIAYMLADSSAAILLTNALHEEKANGACDIIDVHDPDSYSENTNNLPHVNRPDDLVYVMYTSGSTGLAKGVMIEHHNLVNFCEWYRPYFGVTPADKALVYSSFSFDGSALDIFTHLLAGAALHIVPSERKYDLDALNDYCNQEGITISYLPTGAAEQFMQMDNQSFRVVITGGDVLKKIERNGTYKLYNGYGPTECTIMVTMFEVDKPYANIPIGKPIDRTRILILDEALALQPIGVAGELFIVGEGLGRGYLNRPELTAEKFIVHPQTGERMYRTGDRARFLPDGNIEFLGRLDNLVKIRGYRIEPGEIEPFLMNHPLIELTTVLAKEQADGRKYLVGYYVAPEEIPHGELREWLGNDLPDYMIPTYFVHMKAFPLTANGKVDRRALPDVQADAELLGEDYVAPTDELEQQLAQVWSHVLGIPQMGIDDHFLERGGDSIKVMQLIHQLKNIGLSLRYDQLFTHPTIRQLKRLLTEQKQVSLEPLRELDEQAEYETSAVEKRMYIIQQQDVESIAYNVVYTINFPLTVDTEQIRVALEQLVLRHEGLRSTYHMRGDEIVKRIVPRAELSFVRQTGEEESVQSLLAEQIKPFDLAKAPLLRAGVIETADKKVLWFDSHHILLDGLSKSILARELQALLGQQVLSPVEKTYKSFARWQNEWFASDEYEQQIAYWKTLLQGELPAVQLPTKKRPPQLTFDGAIQMYRVNPEITRKLKATAAKHDLTLYMLMLTIVSIWLSKMNSDSNQVILGTVTDGRQHPDTRELLGMFVNTLPLLLSIDHEESFLHNLQQVKAKLLPALQNQYVPFDKILEAARVKREGNRHPLFDVMFMMQGAPETELESNMHHINAGISKFDLTLEVLERENGLNIVFEYNTHLFDEGMILRMVAQFEHLLLQAVHGLDQQVKRFELVTEDEKRDLFLRVNDTAKAYPNKLIMSMLEDWAAATPDKTALVFREQRVTYRELNERVNQLAHTLREKGVQPDDLVMLMAERSVEMMVAIFAVLKAGGAYLPIDPHSPAERIAYIFADSGAKLVLAQSPFVEKASMAEVVLDLNSASSYAADTSNPPLVNQPGDLVYVMYTSGSTGKPKGVMIEHGALLNVLHGMQDEYPLLQDDAFLLKTTYIFDISVAEIFGWVPGRGKLVILEPEAEKNPKAIWQAVVGAGITHINFVPSMLIPFVEYLEGRTEANRLRYILACGEAMPDELVPKVYEVLPEVKLENIYGPTEATIYASRYSLAKGSQESPVPIGKPLPNYRMYIINRHGQLQPIGVPGELCIAGASLARGYLNNPALTEEKFTPHPLEKGERIYRTGDLARYREDGNIEYLGRMDHQVKIRGYRIELDEIRSKLIQEETIQDAVVVARNDQNGQAYLCAYLLSEQEWTVGQLRELLRRELPEYMIPAHFVLLKQFPLTANGKLDRKALPEPDGSVAAAENLYFQ,1728,polypeptide(L),196.11
6MFW,A,1,UniProt Q70LM7,GAMGRILFLTTFMSKGNKVVRYLESLHHEVVICQEKVHAQSANLQEIDWIVSYAYGYILDKEIVSRFRGRIINLHPSLLPWNKGRDPVFWSVWDETPKGVTIHLIDEHVDTGDILVQEEIAFADEDTLLDCYNKANQAIEELFIREWENIVHGRIAPYRQTAGGTLHFKADRDFYKNLNMTTVRELLALKRLCAEPKRGEKPIDKTFHQLFEQQVEMTPDHVAVVDRGQSLTYKQLNERANQLAHHLRGKGVKPDDQVAIMLDKSLDMIVSILAVMKAGGAYVPIDPDYPGERIAYMLADSSAAILLTNALHEEKANGACDIIDVHDPDSYSENTNNLPHVNRPDDLVYVMYTSGSTGLAKGVMIEHHNLVNFCEWYRPYFGVTPADKALVYSSFSFDGSALDIFTHLLAGAALHIVPSERKYDLDALNDYCNQEGITISYLPTGAAEQFMQMDNQSFRVVITGGDVLKKIERNGTYKLYNGYGPTECTIMVTMFEVDKPYANIPIGKPIDRTRILILDEALALQPIGVAGELFIVGEGLGRGYLNRPELTAEKFIVHPQTGERMYRTGDRARFLPDGNIEFLGRLDNLVKIRGYRIEPGEIEPFLMNHPLIELTTVLAKEQADGRKYLVGYYVAPEEIPHGELREWLGNDLPDYMIPTYFVHMKAFPLTANGKVDRRALPDVQADAELLGEDYVAPTDELEQQLAQVWSHVLGIPQMGIDDHFLERGGDSIKVMQLIHQLKNIGLSLRYDQLFTHPTIRQLKRLLTEQKQVSLEPLRELDEQAEYETSAVEKRMYIIQQQDVESIAYNVVYTINFPLTVDTEQIRVALEQLVLRHEGLRSTYHMRGDEIVKRIVPRAELSFVRQTGEEESVQSLLAEQIKPFDLAKAPLLRAGVIETADKKVLWFDSHHILLDGLSKSILARELQALLGQQVLSPVEKTYKSFARWQNEWFASDEYEQQIAYWKTLLQGELPAVQLPTKKRPPQLTFDGAIQMYRVNPEITRKLKATAAKHDLTLYMLMLTIVSIWLSKMNSDSNQVILGTVTDGRQHPDTRELLGMFVNTLPLLLSIDHEESFLHNLQQVKAKLLPALQNQYVPFDKILEAARVKREGNRHPLFDVMFMMQGAPETELESNMHHINAGISKFDLTLEVLERENGLNIVFEYNTHLFDEGMILRMVAQFEHLLLQAVHGLDQQVKRFELVAAAENLYFQ,1210,polypeptide(L),138.06
6MFZ,"A, B",1,UniProt Q70LM7,GAMGRILFLTTFMSKGNKVVRYLESLHHEVVICQEKVHAQSANLQEIDWIVSYAYGYILDKEIVSRFRGRIINLHPSLLPWNKGRDPVFWSVWDETPKGVTIHLIDEHVDTGDILVQEEIAFADEDTLLDCYNKANQAIEELFIREWENIVHGRIAPYRQTAGGTLHFKADRDFYKNLNMTTVRELLALKRLCAEPKRGEKPIDKTFHQLFEQQVEMTPDHVAVVDRGQSLTYKQLNERANQLAHHLRGKGVKPDDQVAIMLDKSLDMIVSILAVMKAGGAYVPIDPDYPGERIAYMLADSSAAILLTNALHEEKANGACDIIDVHDPDSYSENTNNLPHVNRPDDLVYVMYTSGSTGLAKGVMIEHHNLVNFCEWYRPYFGVTPADKALVYSSFSFDGSALDIFTHLLAGAALHIVPSERKYDLDALNDYCNQEGITISYLPTGAAEQFMQMDNQSFRVVITGGDVLKKIERNGTYKLYNGYGPTECTIMVTMFEVDKPYANIPIGKPIDRTRILILDEALALQPIGVAGELFIVGEGLGRGYLNRPELTAEKFIVHPQTGERMYRTGDRARFLPDGNIEFLGRLDNLVKIRGYRIEPGEIEPFLMNHPLIELTTVLAKEQADGRKYLVGYYVAPEEIPHGELREWLGNDLPDYMIPTYFVHMKAFPLTANGKVDRRALPDVQADAELLGEDYVAPTDELEQQLAQVWSHVLGIPQMGIDDHFLERGGDSIKVMQLIHQLKNIGLSLRYDQLFTHPTIRQLKRLLTEQKQVSLEPLRELDEQAEYETSAVEKRMYIIQQQDVESIAYNVVYTINFPLTVDTEQIRVALEQLVLRHEGLRSTYHMRGDEIVKRIVPRAELSFVRQTGEEESVQSLLAEQIKPFDLAKAPLLRAGVIETADKKVLWFDSHHILLDGLSKSILARELQALLGQQVLSPVEKTYKSFARWQNEWFASDEYEQQIAYWKTLLQGELPAVQLPTKKRPPQLTFDGAIQMYRVNPEITRKLKATAAKHDLTLYMLMLTIVSIWLSKMNSDSNQVILGTVTDGRQHPDTRELLGMFVNTLPLLLSIDHEESFLHNLQQVKAKLLPALQNQYVPFDKILEAARVKREGNRHPLFDVMFMMQGAPETELESNMHHINAGISKFDLTLEVLERENGLNIVFEYNTHLFDEGMILRMVAQFEHLLLQAVHGLDQQVKRFELVTEDEKRDLFLRVNDTAKAYPNKLIMSMLEDWAAATPDKTALVFREQRVTYRELNERVNQLAHTLREKGVQPDDLVMLMAERSVEMMVAIFAVLKAGGAYLPIDPHSPAERIAYIFADSGAKLVLAQSPFVEKASMAEVVLDLNSASSYAADTSNPPLVNQPGDLVYVMYTSGSTGKPKGVMIEHGALLNVLHGMQDEYPLLQDDAFLLKTTYIFDISVAEIFGWVPGRGKLVILEPEAEKNPKAIWQAVVGAGITHINFVPSMLIPFVEYLEGRTEANRLRYILACGEAMPDELVPKVYEVLPEVKLENIYGPTEATIYASRYSLAKGSQESPVPIGKPLPNYRMYIINRHGQLQPIGVPGELCIAGASLARGYLNNPALTEEKFTPHPLEKGERIYRTGDLARYREDGNIEYLGRMDHQVKIRGYRIELDEIRSKLIQEETIQDAVVVARNDQNGQAYLCAYLLSEQEWTVGQLRELLRRELPEYMIPAHFVLLKQFPLTANGKLDRKALPEPDGSVKAEAEYAAPRTELEATLAHIWGEVLGIERIGIRDNFFELGGDSIKGLQIASRLQRINWTMVINHLFLYPTIEQIAPFVTSEQVVIEAAAENLYFQ,1814,polypeptide(L),205.84
6IYK,"A, B",1,UniProt A0A0E1LUI6,MSIPFTRWPEEFARRYREKGYWQDLPLTDILTRHAASDSIAVIDGERQLSYRELNQAADNLACSLRRQGIKPGETALVQLGNVAELYITFFALLKLGVAPVLALFSHQRSELNAYASQIEPALLIADRQHALFSGDDFLNTFVTEHSSIRVVQLLNDSGEHNLQDAINHPAEDFTATPSPADEVAYFQLSGGTTGTPKLIPRTHNDYYYSVRRSVEICQFTQQTRYLCAIPAAHGYAMSSPGSLGVFLAGGTVVLAADPSATLCFPLIEKHQVNVTALVPPAVSLWLQALIEGESRAQLASLKLLQVGGARLSATLAARIPAEIGCQLQQVFGMAEGLVNYTRLDDSAEKIIHTQGYPMCPDDEVWVADAEGNPLPQGEVGRLMTRGPYTFRGYYKSPQHNASAFDANGFYCSGDLISIDPEGYITVQGREKDQINRGGEKIAAEEIENLLLRHPAVIYAALVSMEDELMGEKSCAYLVVKEPLRAVQVRRFLREQGIAEFKLPDRVECVDSLPLTAVGKVDKKQLRQWLASRASATNSSSVDKLAAALEHHHHHH,556,polypeptide(L),61.33
5ZRN,"A, B",1,UniProt P9WQ36,MKNIGWMLRQRATVSPRLQAYVEPSTDVRMTYAQMNALANRCADVLTALGIAKGDRVALLMPNSVEFCCLFYGAAKLGAVAVPINTRLAAPEVSFILSDSGSKVVIYGAPSAPVIDAIRAQADPPGTVTDWIGADSLAERLRSAAADEPAVECGGDDNLFIMYTSGTTGHPKGVVHTHESVHSAASSWASTIDVRYRDRLLLPLPMFHVAALTTVIFSAMRGVTLISMPQFDATKVWSLIVEERVCIGGAVPAILNFMRQVPEFAELDAPDFRYFITGGAPMPEALIKIYAAKNIEVVQGYALTESCGGGTLLLSEDALRKAGSAGRATMFTDVAVRGDDGVIREHGEGEVVIKSDILLKEYWNRPEATRDAFDNGWFRTGDIGEIDDEGYLYIKDRL,398,polypeptide(L),43.11
6HDY,A,1,UniProt I3VE75,MASHHHHHHSGMEEWNFPVEYDENYLPPADSRYWFPRRETMPAAERDKAILGRLQQVCQYAWEHAPFYRRKWEEAGFQPSQLKSLEDFEARVPVVKKTDLRESQAAHPPFGDYVCVPNSEIFHVHGTSGTTGRPTAFGIGRADWRAIANAHARIMWGMGIRPGDLVCVAAVFSLYMGSWGALAGAERLRAKAFPFGAGAPGMSARLVQWLDTMKPAAFYGTPSYAIHLAEVAREEKLNPRNFGLKCLFFSGEPGASVPGVKDRIEEAYGAKVYDCGSMAEMSPFMNVAGTEQSNDGMLCWQDIIYTEVCDPANMRRVPYGQRGTPVYTHLERTSQPMIRLLSGDLTLWTNDENPCGRTYPRLPQGIFGRIDDMFTIRGENIYPSEIDAALNQMSGYGGEHRIVITRESAMDELLLRVEPSESVHAAGAAALETFRTEASHRVQTVLGVRAKVELVAPNSIARTDFKARRVIDDREVFRALNQQLQSSAGSAWSHPQFEK,499,polypeptide(L),55.94
6HDW,A,1,UniProt I3VE75,MASHHHHHHSGMEEWNFPVEYDENYLPPADSRYWFPRRETMPAAERDKAILGRLQQVCQYAWEHAPFYRRKWEEAGFQPSQLKSLEDFEARVPVVKKTDLRESQAAHPPFGDYVCVPNSEIFHVHGTSGTTGRPTAFGIGRADWRAIANAHARIMWGMGIRPGDLVCVAAVFSLYMGSWGALAGAERLRAKAFPFGAGAPGMSARLVQWLDTMKPAAFYGTPSYAIHLAEVAREEKLNPRNFGLKCLFFSGEPGASVPGVKDRIEEAYGAKVYDCGSMAEMSPFMNVAGTEQSNDGMLCWQDIIYTEVCDPANMRRVPYGQRGTPVYTHLERTSQPMIRLLSGDLTLWTNDENPCGRTYPRLPQGIFGRIDDMFTIRGENIYPSEIDAALNQMSGYGGEHRIVITRESAMDELLLRVEPSESVHAAGAAALETFRTEASHRVQTVLGVRAKVELVAPNSIARTDFKARRVIDDREVFRALNQQLQSSAGSAWSHPQFEK,499,polypeptide(L),55.94
6IJB,"A, B",1,UniProt D0CPY8,MLGQMMTQPLLISSLIDHAARYHGQTEIVSVETDGTVTRTNWGEIAANARRMGSALTKLGLQPQDRIGTLAWNNRRHLEIYYAASGAGFVCHTINPRLFPEQLVYIINHAQDRVLFFDATFLPLVAAIRDQLTEVKHFVLMGPRNEDALQQIPGLEFYDELIETGDTDFEWPVFDENTASSLCYTSGTTGHPKGVLYSHRSTVLHSFASNTRDVIGYSAMDVVMPVVPMFHVNAWGSPYGCAMSGAQMVLPGPDLHGEALVNLIDTYGVTLAMGVPTIWQGLLAHAAKCGTKLESLERTVIGGAACPPSMIATFREKYGVDTVHAWGMSEMSPLGTANIPLAKHRKLPIEEQHKLRENQGRPPFGVELKIVDDDGNDLPHDGVTQGDLMVRGHWVLDSYFQLKDQELLQDGWFATGDVATLDPDGYMTIRDRSKDIIKSGGEWISSVELENIAVAHPKLATAAVIGVPHPKWDERPLLVAVKAEGEDPSEAELLEFFDGKIAKWQVPDKVVFVDALPLNATGAVLKRKLRDEFKDALTG,539,polypeptide(L),59.41
6MFX,A,1,UniProt Q70LM7,GAMGRILFLTTFMSKGNKVVRYLESLHHEVVISQEKVHAQSANLQEIDWIVSYAYGYILDKEIVSRFRGRIINLHPSLLPWNKGRDPVFWSVWDETPKGVTIHLIDEHVDTGDILVQEEIAFADEDTLLDCYNKANQAIEELFIREWENIVHGRIAPYRQTAGGTLHFKADRDFYKNLNMTTVRELLALKRLSAEPKRGEKPIDKTFHQLFEQQVEMTPDHVAVVDRGQSLTYKQLNERANQLAHHLRGKGVKPDDQVAIMLDKSLDMIVSILAVMKAGGAYVPIDPDYPGERIAYMLADSSAAILLTNALHEEKANGASDIIDVHDPDSYSENTNNLPHVNRPDDLVYVMYTSGSTGLAKGVMIEHHNLVNFCEWYRPYFGVTPADKALVYSSFSFDGSALDIFTHLLAGAALHIVPSERKYDLDALNDYCNQEGITISYLPTGAAEQFMQMDNQSFRVVITGGDVLKKIERNGTYKLYNGYGPTECTIMVTMFEVDKPYANIPIGKPIDRTRILILDEALALQPIGVAGELFIVGEGLGRGYLNRPELTAEKFIVHPQTGERMYRTGDRARFLPDGNIEFLGRLDNLVKIRGYRIEPGEIEPFLMNHPLIELTTVLAKEQADGRKYLVGYYVAPEEIPHGELREWLGNDLPDYMIPTYFVHMKAFPLTANGKVDRRALPDVQADAELLGEDYVAPTDELEQQLAQVWSHVLGIPQMGIDDHFLERGGDSIKVMQLIHQLKNIGLSLRYDQLFTHPTIRQLKRLLTEQKQVSLEPLRELDEQAEYETSAVEKCMYIIQQQDVESIAYNVVYTINFPLTVDTEQIRVALEQLVLRHEGLRSTYHMRGDEIVKRIVPRAELSFVRQTGEEESVQSLLAEQIKPFDLAKAPLLRAGVIETADKKVLWFDSHHILLDGLSKSILARELQALLGQQVLSPVEKTYKSFARWQNEWFASDEYEQQIAYWKTLLQGELPAVQLPTKKRPPQLTFDGAIQMYRVNPEITRKLKATAAKHDLTLYMLMLTIVSIWLSKMNSDSNQVILGTVTDGRQHPDTRELLGMFVNTLPLLLSIDHEESFLHNLQQVKAKLLPALQNQYVPFDKILEAARVKREGNRHPLFDVMFMMQGAPETELESNMHHINAGISKFDLTLEVLERENGLNIVFEYNTHLFDEGMILRMVAQFEHLLLQAVHGLDQQVKRFELVAAAENLYFQ,1210,polypeptide(L),137.96
6AKD,A,1,UniProt A0A077KUW8,MNHKVHHHHHHIEGRHMDGILDHGLHARFLRGLSAAPDGAAVRIGTTSVSYRHLHRTALLWAGALTAAGARSVGVLAGKSATGYAGILAALYAGAAVVPLRPDFPAARTREVLRASDADVLIADRAGLPVLAGALAGDGAADVPVLAPDALDGELPEGVARLVPRPELSLSEPARCKPADPAYLLFTSGSTGRPKGVVITHGATGHYFDVMERRYDFGASDVFSQAFDLNFDCAVFDLFCAWGAGATVVPVPPPAYRDLPGFITAQGITVWFSTPSVIDLTRRLGALDGPRMPGLRWSLFAGEALKCRDAADWRAAAPGATLENLYGPTELTITVAAHRWDDEESPRAAVNGLAPIGAVNDGHDHLLLGPDGDPSPDEGELWVTGPQLAAGYLDPADERGRFAERDGRRWYRTGDRVRRAPGGDLVYVGRLDSQLQVHGWRVEPAEVEHAVRACGADDAVVVGVDTPGGTELVAFYTGIPVEPRELVRRLREVVPDGVLPRHFRHLDAFPLNANRKTDRLRLTTMAADGYGPRSGPAL,538,polypeptide(L),57.52
6HDX,A,1,UniProt I3VE75,MASHHHHHHSGMEEWNFPVEYDENYLPPADSRYWFPRRETMPAAERDKAILGRLQQVCQYAWEHAPFYRRKWEEAGFQPSQLKSLEDFEARVPVVKKTDLRESQAAHPPFGDYVCVPNSEIFHVHGTSGTTGRPTAFGIGRADWRAIANAHARIMWGMGIRPGDLVCVAAVFSLYMGSWGALAGAERLRAKAFPFGAGAPGMSARLVQWLDTMKPAAFYGTPSYAIHLAEVAREEKLNPRNFGLKCLFFSGEPGASVPGVKDRIEEAYGAKVYDCGSMAEMSPFMNVAGTEQSNDGMLCWQDIIYTEVCDPANMRRVPYGQRGTPVYTHLERTSQPMIRLLSGDLTLWTNDENPCGRTYPRLPQGIFGRIDDMFTIRGENIYPSEIDAALNQMSGYGGEHRIVITRESAMDELLLRVEPSESVHAAGAAALETFRTEASHRVQTVLGVRAKVELVAPNSIARTDFKARRVIDDREVFRALNQQLQSSAGSAWSHPQFEK,499,polypeptide(L),55.94
6P1J,"A, B",1,UniProt A0A0B5H0S3,SNADRWPLSYAQQRLWFLAQMGQAASSAYHIAGGLTLRGHLDEGALQAALDRIVQRHEALRTRFELQDGQPVQRIDAPRPFALFRQALGAGEAELAHWQQVEAQTPFDLGTGPLIRGRLLKRNEQEHVLLLTMHHIVSDGWSMGVLARELGALYRAYAEEKIGPEIDPLPALPLQYADYAVWQRRWLNGELQQRQLAYWQQQMAGAPALVSLPTDRPRPALQDYRGEVVDIELDAALSAGLKRLSQRHGTTLYMTVLAAWAALVARLAGQSEVVIGSPVANRQRAELEGLIGFFVNTLALRIDLGGDPSVAQLLAQVRERVLAAQSHQDLPFEQVVEALKPERSLSHSPVFQLMLSWQSGPQPGLKLGGLGLDALPAGSRRSAQFDLSLELQDRGDGTIAGSLTYASALYERETVQRHAGYLKALLAGMAADDTQPVQRIGILGEAERHRLLVEWNDTAREHPRTVCVHELFEQQVERSPEAVALVYEGQQLSYRELDRQANRLARQLKALGVGPDERVAVCTERCLEMVVALLAVLKAGGAYVPLDPGYPAERLEYMLADSAPKVLLRQSGQTLEPGAGVAVLALDGEASQPWQAQPAQRLSRDDSGVQPHHLAYVIYTSGSTGRPKGVMVEHAGVVNRLLWMQRAYGLQPQEAVLQKTPFGFDVSVWEFFWPLAVGARLVMARPQGQQDPAYLVETIVGQDIGTLHFVPSMLQAFVDSEGVQRCRGVRRIVCSGEALPGALARRLRQQLPQVELHNLYGPTEATVDVTAWACDAAELPDNIPIGRPVDNTTMYVLDAHGQPVPTGVAGEIHIGGVQVARGYLGRPELTRERFVPDPYAGRPGARLYKTGDLGRWLPDGTLEYLGRNDHQVKIRGLRIELGEIEAQLARQPGVREAVVLARQDRPGDPRLVAYLLAEPAAAPDAQVLRAALMQVLPEYMVPAAYVAMPAWPLTPNGKLDRKAL,964,polypeptide(L),106.11
6AAA,"A, B",1,,MASEDKNIIHGPPPFYSLDIGTAGEQLHKFMKKYAQITGTIAFTDAHNGVNVTYAEYFEMACRLAQSMKNYGLTLKHRIAVCSENSLQFFMPICGALFIGVGVAPTNDIYNERELYNSLGISQPTIVFCSKRALQKILGVQQKLPIIEKIIILDSQEDFMGKQSMNSFIRQFLPETFNEYDYVPDSFALNTTAFIMNSSGSTGLPKGVDLTHQNIVVRFSHCRDPIFGNQIIPDTSILSVIPFHHGFGMSTTLGYLVCGFRIVLMYRFEEELFLRSLQNYKCQSALLVPTLFSFFAKSTLVDKYDLSNLHEVASGGAPLAKEVGEAVAKRFNLVGIRQGYGLTETTSACIITPEGDNKPGACGKVVPFFSAKVTDLDTGKTLGPNQRGELWLKGPMVMKGYVNNPEATHSLIDKEGWVRTGDIAYYDEDEHFFIVDRLKSLIKYKGYQVPPAELESILLQHPYIFDAGVAGIPDPDAGELPAAVVVLEEGKTMTEKEVMDYVAGQVTSSKRLRGGVKFVDEVPKGLTGKIDGRKIREILLKAKKSKL,547,polypeptide(L),60.69
6OZV,A,1,UniProt A0A0B5GUD2,SNAPLSFAQQRLWFIAQMSREASGAYHVPGGLRLRGELDEVALRAALDRIMARHEVLRTRFEWHEGEPVQCIDAEARFPLVRQELEGEAAELAHWQQVEARSPFDLGTGPLIRGRLLKLGAQEHVLLLTMHHIVSDGWSMSVLAHELGTLYRAYAQEGTAPEVDPLPALPLQYADYALWQRRWLDGERQQRQLAYWQQQLAGAPALVSLPTDRPRPALQDYRGDSIELTFDAGLSQGLRALSQRHGTTLYMTVLAAWAALVARLAGQPEVVIGTPVANRQRAELEGLIGFFVNTLALRVDLGGEPSVAGLLAQVRERVLAAQSHQDLPFEQVVEALKPERSLSHSPVFQLMLSWESSPPHALQMSPLRARPLAPVRERSAQFDLSLHLHEAADGTVAGSLTYASALYERETVQRHAGYLKALLAGMVADDTQPVQRIGILGEAERHRLLVEWNDTAREHPRTVCVHELFEQQVERSPDAVALVYEGQQLSYRELDRQANRLARQLKALGVGPDERVAVCTERCLEMVVALLAVLKAGGAYVPLDPGYPAERLEYMLADSAPKVLLRQSGQTLEPGAGVAVLALDGEASQPWQAQPAQRLSRDDSGVQPHHLAYVIYTSGSTGRPKGVMVEHAGVVNRLLWMQRAYGLQPQEAVLQKTPFGFDVSVWEFFWPLAVGARLVMARPQGQQDPAYLVETIVGQDIGTLHFVPSMLQAFVDSEGVQRCRGVRRIVCSGEALPGALARRLRQQLPQVELHNLYGPTEATVDVTAWACDAAELPDNIPIGRPVDNTTMYVLDAHGQPVPTGVAGEIHIGGVQVARGYLGRPELTRERFVPDPYAGRPGARLYKTGDLGRWLLDGTLEYLGRNDHQVKIRG,873,polypeptide(L),96.57
6ABH,"A, B, C, D, E, F, G, H",1,UniProt Q9U4U7,MEEENIVNGDRPRDLVFPGTAGLQLYQSLYKYSYITDGIIDAHTNEVISYAQIFETSCRLAVSLEKYGLDHNNVVAICSENNIHFFGPLIAALYQGIPMATSNDMYTEREMIGHLNISKPCLMFCSKKSLPFILKVQKHLDFLKKVIVIDSMYDINGVECVFSFVSRYTDHAFDPVKFNPKEFDPLERTALIMTSSGTTGLPKGVVISHRSITIRFVHSSDPIYGTRIAPDTSILAIAPFHHAFGLFTALAYFPVGLKIVMVKKFEGEFFLKTIQNYKIASIVVPPPIMVYLAKSPLVDEYNLSSLTEIACGGSPLGRDIADKVAKRLKVHGILQGYGLTETCSALILSPNDRELKKGAIGTPMPYVQVKVIDINTGKALGPREKGEICFKSQMLMKGYHNNPQATRDALDKDGWLHTGDLGYYDEDRFIYVVDRLKELIKYKGYQVAPAELENLLLQHPNISDAGVIGIPDEFAGQLPSACVVLEPGKTMTEKEVQDYIAELVTTTKHLRGGVVFIDSIPKGPTGKLMRNELRAIFAREQAKSKL,546,polypeptide(L),60.83