X1,X2,X3
1,a0642_Ser_AFZ61526.1_A2_BGC0000462_WLIP,Ser
2,b0517_Cys_RAT94090.1_A5_BGC0001469_marthiapeptide_a,Cys
3,a0072_Ala_AAO72425.1_A9_BGC0000438_syringopeptin,Ala
4,a0638_Val_AFZ61525.1_A2_BGC0000462_WLIP,Val
5,b0448_Thr_AGE25479.1_A1_BGC0001208_poaeamide,Thr
6,b0176_Pro_AHJ31215.1_A2_BGC0000430_spumigin,Pro
7,a0528_Val_BAA06146.1_A2_not_in_mibig_gramicidin,Val
8,b0009_Hpg_CAD91220.1_A1_BGC0000289_A40926,Hpg
9,b0008_Tyr_CAD91212.1_A3_BGC0000289_A40926,Tyr
10,a0694_Asn_CAE11250.1_BGC0001090_bacillomycin,Asn
11,b0128_Cys_ABR12615.1_A2_BGC0000405_penicillin,Cys
12,b0492_Ile_ANQ43349.1_A4_BGC0001347_poaeamide_b,Ile
13,b0510_Phe_WP_051206727.1_A1_BGC0001467_hapalosin,Phe
14,a0187_Leu_CDG17980.1_A7_BGC0000464_xenoamicins,Leu
15,b0429_Dab_AEZ51520.1_A1_BGC0001153_polymyxin,Dab
16,a0774_Gly_AAV97877.1_A1_BGC0001105_onnamide,Gly
17,b0482_Leu_ANQ43347.1_A1_BGC0001347_poaeamide_b,Leu
18,a0354_Gln_AHZ34233.1_A2_BGC0000323_cichofactins,Gln
19,a0093_di-OH-Bz_AAC44632.1_A1_not_in_mibig_enterobactin_like_siderophore,di-OH-Bz
20,a0374_Abu|Ival_AAM78457.1_A15_not_in_mibig_peptaibols,Abu|Ival
